timestamp,site,TWB_C,wet_bulb_depression,wind_speed_rate,crowd_factor,crowd01,hour,diurnal_factor,dust_penalty_c,stagnant_penalty_c,crowd_penalty_c,twb_eff_mean,risk_mean,risk_p95,pct_high,pct_extreme,alert_color,alert_action
2022-07-05 00:00:00,HARAM,20.50896379758315,11.591036202416852,1.05,3.0,1.0,0,1.09,0.007702947550563608,0.07980039129574812,1.2,22.24204002360825,22.24204002360825,23.8182953680292,0.10714285714285714,0.03571428571428571,GREEN,Normal operations
2022-07-05 00:00:00,MINA,20.50896379758315,11.591036202416852,1.05,1.107148582210796,0.05357429110539802,0,1.09,0.007702947550563608,0.07980039129574812,0.06428914932647763,21.652566952349805,21.652566952349805,23.44453469631645,0.1111111111111111,0.044444444444444446,GREEN,Normal operations
2022-07-05 00:00:00,ARAFAT,20.50896379758315,11.591036202416852,1.05,1.0,0.0,0,1.09,0.007702947550563608,0.07980039129574812,0.0,23.880515311255145,23.880515311255145,24.981567452306315,0.10638297872340426,0.0425531914893617,GREEN,Normal operations
2022-07-05 00:00:00,MUZDALIFAH,20.50896379758315,11.591036202416852,1.05,1.0,0.0,0,1.09,0.007702947550563608,0.07980039129574812,0.0,23.35654242320014,23.35654242320014,25.053453867389727,0.1111111111111111,0.037037037037037035,GREEN,Normal operations
2022-07-05 03:00:00,HARAM,19.060937830451564,11.639062169548437,1.05,3.0,1.0,3,0.9534125718815463,0.007702947550563608,0.07980039129574812,1.2,20.738179510881196,20.738179510881196,22.116914980483404,0.10714285714285714,0.03571428571428571,GREEN,Normal operations
2022-07-05 03:00:00,MINA,19.060937830451564,11.639062169548437,1.05,1.1247976326795426,0.06239881633977129,3,0.9534125718815463,0.007702947550563608,0.07980039129574812,0.07487857960772555,20.09084705024212,20.09084705024212,21.658264091988926,0.1111111111111111,0.044444444444444446,GREEN,Normal operations
2022-07-05 03:00:00,ARAFAT,19.060937830451564,11.639062169548437,1.05,1.0,0.0,3,0.9534125718815463,0.007702947550563608,0.07980039129574812,0.0,22.020966689062508,22.020966689062508,22.984046462984786,0.10638297872340426,0.0425531914893617,GREEN,Normal operations
2022-07-05 03:00:00,MUZDALIFAH,19.060937830451564,11.639062169548437,1.05,1.0,0.0,3,0.9534125718815463,0.007702947550563608,0.07980039129574812,0.0,21.564636019354015,21.564636019354015,23.04692482251508,0.1111111111111111,0.037037037037037035,GREEN,Normal operations
2022-07-05 06:00:00,HARAM,18.834149320258113,9.965850679741887,1.3,3.0,1.0,6,0.844115427318801,0.0090840940886237,0.031332578237411486,1.2,20.419625577962677,20.419625577962677,21.640305810641056,0.10714285714285714,0.03571428571428571,GREEN,Normal operations
2022-07-05 06:00:00,MINA,18.834149320258113,9.965850679741887,1.3,1.133935727763495,0.06696786388174747,6,0.844115427318801,0.0090840940886237,0.031332578237411486,0.08036143665809696,19.723003286720438,19.723003286720438,21.110735046298338,0.1111111111111111,0.044444444444444446,GREEN,Normal operations
2022-07-05 06:00:00,ARAFAT,18.834149320258113,9.965850679741887,1.3,1.0,0.0,6,0.844115427318801,0.0090840940886237,0.031332578237411486,0.0,21.41779143150939,21.41779143150939,22.270465833843048,0.10638297872340426,0.0425531914893617,GREEN,Normal operations
2022-07-05 06:00:00,MUZDALIFAH,18.834149320258113,9.965850679741887,1.3,1.0,0.0,6,0.844115427318801,0.0090840940886237,0.031332578237411486,0.0,21.013773517733107,21.013773517733107,22.326135954931626,0.1111111111111111,0.037037037037037035,GREEN,Normal operations
2022-07-05 09:00:00,HARAM,20.727792260893622,13.422207739106375,1.3,2.803527340018502,0.9017636700092511,9,0.8261333512679677,0.0090840940886237,0.031332578237411486,1.0821164040111013,22.188034165229993,22.188034165229993,23.382710413065332,0.10714285714285714,0.03571428571428571,GREEN,Normal operations
2022-07-05 09:00:00,MINA,20.727792260893622,13.422207739106375,1.3,1.4048771731496088,0.2024385865748044,9,0.8261333512679677,0.0090840940886237,0.031332578237411486,0.24292630388976527,21.762848879142915,21.762848879142915,23.12101797793857,0.1111111111111111,0.044444444444444446,GREEN,Normal operations
2022-07-05 09:00:00,ARAFAT,20.727792260893622,13.422207739106375,1.3,1.0,0.0,9,0.8261333512679677,0.0090840940886237,0.031332578237411486,0.0,23.257256386792314,23.257256386792314,24.09176638239541,0.10638297872340426,0.0425531914893617,GREEN,Normal operations
2022-07-05 09:00:00,MUZDALIFAH,20.727792260893622,13.422207739106375,1.3,1.0,0.0,9,0.8261333512679677,0.0090840940886237,0.031332578237411486,0.0,22.861845211640034,22.861845211640034,24.146250570472017,0.1111111111111111,0.037037037037037035,GREEN,Normal operations
2022-07-05 12:00:00,HARAM,21.505894352896302,17.244105647103698,2.35,2.9623141509535356,0.9811570754767678,12,0.91,0.018084938255745836,0.0004887034875475209,1.1773884905721212,23.073848528636216,23.073848528636216,24.38980482535462,0.10714285714285714,0.03571428571428571,GREEN,Normal operations
2022-07-05 12:00:00,MINA,21.505894352896302,17.244105647103698,2.35,1.2990192991929197,0.14950964959645985,12,0.91,0.018084938255745836,0.0004887034875475209,0.17941157951575182,22.531904993054813,22.531904993054813,24.027951458201283,0.1111111111111111,0.044444444444444446,GREEN,Normal operations
2022-07-05 12:00:00,ARAFAT,21.505894352896302,17.244105647103698,2.35,1.0,0.0,12,0.91,0.018084938255745836,0.0004887034875475209,0.0,24.266196287383973,24.266196287383973,25.185423304224862,0.10638297872340426,0.0425531914893617,YELLOW,Extra water stations; increased medical presence
2022-07-05 12:00:00,MUZDALIFAH,21.505894352896302,17.244105647103698,2.35,1.0,0.0,12,0.91,0.018084938255745836,0.0004887034875475209,0.0,23.830644122789355,23.830644122789355,25.24543856819358,0.1111111111111111,0.037037037037037035,GREEN,Normal operations
2022-07-05 15:00:00,HARAM,21.02171949136683,19.07828050863317,4.6,2.931581687752212,0.965790843876106,15,1.0465874281184537,0.07513719681541692,6.03476622464533e-08,1.158949012651327,22.68363235020121,22.68363235020121,24.19710852173835,0.10714285714285714,0.03571428571428571,GREEN,Normal operations
2022-07-05 15:00:00,MINA,21.02171949136683,19.07828050863317,4.6,1.3195076079938024,0.1597538039969012,15,1.0465874281184537,0.07513719681541692,6.03476622464533e-08,0.19170456479628142,22.240870097483004,22.240870097483004,23.961467264849315,0.1111111111111111,0.044444444444444446,GREEN,Normal operations
2022-07-05 15:00:00,ARAFAT,21.02171949136683,19.07828050863317,4.6,1.0,0.0,15,1.0465874281184537,0.07513719681541692,6.03476622464533e-08,0.0,24.250107696335334,24.250107696335334,25.307307080305115,0.10638297872340426,0.0425531914893617,YELLOW,Extra water stations; increased medical presence
2022-07-05 15:00:00,MUZDALIFAH,21.02171949136683,19.07828050863317,4.6,1.0,0.0,15,1.0465874281184537,0.07513719681541692,6.03476622464533e-08,0.0,23.749180861440262,23.749180861440262,25.376330399826955,0.1111111111111111,0.037037037037037035,GREEN,Normal operations
2022-07-05 18:00:00,HARAM,20.11978555977302,18.38021444022698,4.1,2.9516348902680747,0.9758174451340373,18,1.155884572681199,0.055310736274677454,4.45912046868488e-07,1.1709809341608448,21.81858302134535,21.81858302134535,23.490114429806326,0.10714285714285714,0.03571428571428571,GREEN,Normal operations
2022-07-05 18:00:00,MINA,20.11978555977302,18.38021444022698,4.1,1.3061388063165604,0.15306940315828022,18,1.155884572681199,0.055310736274677454,4.45912046868488e-07,0.18368328378993626,21.41054025376482,21.41054025376482,23.310822703300033,0.1111111111111111,0.044444444444444446,GREEN,Normal operations
2022-07-05 18:00:00,ARAFAT,20.11978555977302,18.38021444022698,4.1,1.0,0.0,18,1.155884572681199,0.055310736274677454,4.45912046868488e-07,0.0,23.656629670736663,23.656629670736663,24.825252526162963,0.10638297872340426,0.0425531914893617,GREEN,Normal operations
2022-07-05 18:00:00,MUZDALIFAH,20.11978555977302,18.38021444022698,4.1,1.0,0.0,18,1.155884572681199,0.055310736274677454,4.45912046868488e-07,0.0,23.096406852070256,23.096406852070256,24.901484084126515,0.1111111111111111,0.037037037037037035,GREEN,Normal operations
2022-07-05 21:00:00,HARAM,19.647102522540337,15.952897477459665,3.0999999999999996,3.0,1.0,21,1.1738666487320324,0.029386072537623778,2.4345245520452305e-05,1.2,21.356369042927536,21.356369042927536,23.05390443623155,0.10714285714285714,0.03571428571428571,GREEN,Normal operations
2022-07-05 21:00:00,MINA,19.647102522540337,15.952897477459665,3.0999999999999996,1.0938729432608576,0.0469364716304288,21,1.1738666487320324,0.029386072537623778,2.4345245520452305e-05,0.05632376595651456,20.800959149739832,20.800959149739832,22.73080426005729,0.1111111111111111,0.044444444444444446,GREEN,Normal operations
2022-07-05 21:00:00,ARAFAT,19.647102522540337,15.952897477459665,3.0999999999999996,1.0,0.0,21,1.1738666487320324,0.029386072537623778,2.4345245520452305e-05,0.0,23.210553017754563,23.210553017754563,24.399011116609845,0.10638297872340426,0.0425531914893617,GREEN,Normal operations
2022-07-05 21:00:00,MUZDALIFAH,19.647102522540337,15.952897477459665,3.0999999999999996,1.0,0.0,21,1.1738666487320324,0.029386072537623778,2.4345245520452305e-05,0.0,22.641829359306453,22.641829359306453,24.476428607585376,0.1111111111111111,0.037037037037037035,GREEN,Normal operations
2022-07-06 00:00:00,HARAM,18.474046232077193,15.525953767922807,1.05,2.9286744797943323,0.9643372398971661,0,1.09,0.007702947550563608,0.07980039129574812,1.1572046878765994,20.1643271459789,20.1643271459789,21.740582490399845,0.10714285714285714,0.03571428571428571,GREEN,Normal operations
2022-07-06 00:00:00,MINA,18.474046232077193,15.525953767922807,1.05,1.3214457466323883,0.16072287331619417,0,1.09,0.007702947550563608,0.07980039129574812,0.192867447979433,19.7462276854968,19.7462276854968,21.53819542946345,0.1111111111111111,0.044444444444444446,GREEN,Normal operations
2022-07-06 00:00:00,ARAFAT,18.474046232077193,15.525953767922807,1.05,1.0,0.0,0,1.09,0.007702947550563608,0.07980039129574812,0.0,21.845597745749185,21.845597745749185,22.94664988680036,0.10638297872340426,0.0425531914893617,GREEN,Normal operations
2022-07-06 00:00:00,MUZDALIFAH,18.474046232077193,15.525953767922807,1.05,1.0,0.0,0,1.09,0.007702947550563608,0.07980039129574812,0.0,21.321624857694175,21.321624857694175,23.01853630188377,0.1111111111111111,0.037037037037037035,GREEN,Normal operations
2022-07-06 03:00:00,HARAM,18.55998147537543,13.240018524624569,1.3,2.9286744797943323,0.9643372398971661,3,0.9534125718815463,0.0090840940886237,0.031332578237411486,1.1572046878765994,20.14734117716139,20.14734117716139,21.526076646763595,0.10714285714285714,0.03571428571428571,GREEN,Normal operations
2022-07-06 03:00:00,MINA,18.55998147537543,13.240018524624569,1.3,1.3214457466323883,0.16072287331619417,3,0.9534125718815463,0.0090840940886237,0.031332578237411486,0.192867447979433,19.66079289701742,19.66079289701742,21.228209938764223,0.1111111111111111,0.044444444444444446,GREEN,Normal operations
2022-07-06 03:00:00,ARAFAT,18.55998147537543,13.240018524624569,1.3,1.0,0.0,3,0.9534125718815463,0.0090840940886237,0.031332578237411486,0.0,21.472923667466105,21.472923667466105,22.436003441388376,0.10638297872340426,0.0425531914893617,GREEN,Normal operations
2022-07-06 03:00:00,MUZDALIFAH,18.55998147537543,13.240018524624569,1.3,1.0,0.0,3,0.9534125718815463,0.0090840940886237,0.031332578237411486,0.0,21.016592997757606,21.016592997757606,22.49888180091867,0.1111111111111111,0.037037037037037035,GREEN,Normal operations
2022-07-06 06:00:00,HARAM,17.639502758758134,11.060497241241865,1.05,2.9286744797943323,0.9643372398971661,6,0.844115427318801,0.007702947550563608,0.07980039129574812,1.1572046878765994,19.22927037085958,19.22927037085958,20.449950603537953,0.10714285714285714,0.03571428571428571,GREEN,Normal operations
2022-07-06 06:00:00,MINA,17.639502758758134,11.060497241241865,1.05,1.3214457466323883,0.16072287331619417,6,0.844115427318801,0.007702947550563608,0.07980039129574812,0.192867447979433,18.687949403062067,18.687949403062067,20.07568116263997,0.1111111111111111,0.044444444444444446,GREEN,Normal operations
2022-07-06 06:00:00,ARAFAT,17.639502758758134,11.060497241241865,1.05,1.0,0.0,6,0.844115427318801,0.007702947550563608,0.07980039129574812,0.0,20.270231536529682,20.270231536529682,21.122905938863344,0.10638297872340426,0.0425531914893617,GREEN,Normal operations
2022-07-06 06:00:00,MUZDALIFAH,17.639502758758134,11.060497241241865,1.05,1.0,0.0,6,0.844115427318801,0.007702947550563608,0.07980039129574812,0.0,19.866213622753392,19.866213622753392,21.178576059951922,0.1111111111111111,0.037037037037037035,GREEN,Normal operations
2022-07-06 09:00:00,HARAM,19.838778638166474,14.361221361833527,1.8,2.722030785530654,0.861015392765327,9,0.8261333512679677,0.012621177404305503,0.004389039119560323,1.0332184713183923,21.226716154007963,21.226716154007963,22.421392401843303,0.10714285714285714,0.03571428571428571,GREEN,Normal operations
2022-07-06 09:00:00,MINA,19.838778638166474,14.361221361833527,1.8,1.4592082094748406,0.22960410473742032,9,0.8261333512679677,0.012621177404305503,0.004389039119560323,0.2755249256849044,20.883027422408734,20.883027422408734,22.241196521204394,0.1111111111111111,0.044444444444444446,GREEN,Normal operations
2022-07-06 09:00:00,ARAFAT,19.838778638166474,14.361221361833527,1.8,1.0,0.0,9,0.8261333512679677,0.012621177404305503,0.004389039119560323,0.0,22.344836308262998,22.344836308262998,23.17934630386609,0.10638297872340426,0.0425531914893617,GREEN,Normal operations
2022-07-06 09:00:00,MUZDALIFAH,19.838778638166474,14.361221361833527,1.8,1.0,0.0,9,0.8261333512679677,0.012621177404305503,0.004389039119560323,0.0,21.949425133110715,21.949425133110715,23.233830491942697,0.1111111111111111,0.037037037037037035,GREEN,Normal operations
2022-07-06 12:00:00,HARAM,21.784741017784032,17.115258982215966,2.6,3.0,1.0,12,0.91,0.021277594861492687,0.00017985341618663626,1.2,23.378190509486213,23.378190509486213,24.69414680620461,0.10714285714285714,0.03571428571428571,GREEN,Normal operations
2022-07-06 12:00:00,MINA,21.784741017784032,17.115258982215966,2.6,1.2216867218154406,0.11084336090772029,12,0.91,0.021277594861492687,0.00017985341618663626,0.13301203308926435,22.76723591805044,22.76723591805044,24.26328238319691,0.1111111111111111,0.044444444444444446,GREEN,Normal operations
2022-07-06 12:00:00,ARAFAT,21.784741017784032,17.115258982215966,2.6,1.0,0.0,12,0.91,0.021277594861492687,0.00017985341618663626,0.0,24.54792675880609,24.54792675880609,25.467153775646974,0.10638297872340426,0.0425531914893617,YELLOW,Extra water stations; increased medical presence
2022-07-06 12:00:00,MUZDALIFAH,21.784741017784032,17.115258982215966,2.6,1.0,0.0,12,0.91,0.021277594861492687,0.00017985341618663626,0.0,24.112374594211456,24.112374594211456,25.527169039615693,0.1111111111111111,0.037037037037037035,YELLOW,Extra water stations; increased medical presence
2022-07-06 15:00:00,HARAM,23.24485950881234,17.455140491187663,3.0999999999999996,3.0,1.0,15,1.0465874281184537,0.029386072537623778,2.4345245520452305e-05,1.2,24.90209651561546,24.90209651561546,26.415572687152597,0.10714285714285714,0.03571428571428571,YELLOW,Extra water stations; increased medical presence
2022-07-06 15:00:00,MINA,23.24485950881234,17.455140491187663,3.0999999999999996,1.2678714555269903,0.13393572776349516,15,1.0465874281184537,0.029386072537623778,2.4345245520452305e-05,0.1607228733161942,24.38730158406848,24.38730158406848,26.1078987514348,0.1111111111111111,0.044444444444444446,YELLOW,Extra water stations; increased medical presence
2022-07-06 15:00:00,ARAFAT,23.24485950881234,17.455140491187663,3.0999999999999996,1.0,0.0,15,1.0465874281184537,0.029386072537623778,2.4345245520452305e-05,0.0,26.427520874400912,26.427520874400912,27.48472025837069,0.10638297872340426,0.0425531914893617,ORANGE,Mandatory rest periods; shade structures required
2022-07-06 15:00:00,MUZDALIFAH,23.24485950881234,17.455140491187663,3.0999999999999996,1.0,0.0,15,1.0465874281184537,0.029386072537623778,2.4345245520452305e-05,0.0,25.926594039505837,25.926594039505837,27.55374357789253,0.1111111111111111,0.037037037037037035,YELLOW,Extra water stations; increased medical presence
2022-07-06 18:00:00,HARAM,20.394815363187405,19.005184636812594,3.0999999999999996,2.722030785530654,0.861015392765327,18,1.155884572681199,0.029386072537623778,2.4345245520452305e-05,1.0332184713183923,21.92994959751371,21.92994959751371,23.601481005974676,0.10714285714285714,0.03571428571428571,GREEN,Normal operations
2022-07-06 18:00:00,MINA,20.394815363187405,19.005184636812594,3.0999999999999996,1.4592082094748406,0.22960410473742032,18,1.155884572681199,0.029386072537623778,2.4345245520452305e-05,0.2755249256849044,21.7515109346706,21.7515109346706,23.651793384205806,0.1111111111111111,0.044444444444444446,GREEN,Normal operations
2022-07-06 18:00:00,ARAFAT,20.394815363187405,19.005184636812594,3.0999999999999996,1.0,0.0,18,1.155884572681199,0.029386072537623778,2.4345245520452305e-05,0.0,23.90575870974747,23.90575870974747,25.074381565173766,0.10638297872340426,0.0425531914893617,GREEN,Normal operations
2022-07-06 18:00:00,MUZDALIFAH,20.394815363187405,19.005184636812594,3.0999999999999996,1.0,0.0,18,1.155884572681199,0.029386072537623778,2.4345245520452305e-05,0.0,23.345535891081052,23.345535891081052,25.15061312313732,0.1111111111111111,0.037037037037037035,GREEN,Normal operations
2022-07-06 21:00:00,HARAM,20.00060304352174,16.74939695647826,2.35,2.9286744797943323,0.9643372398971661,21,1.1738666487320324,0.018084938255745836,0.0004887034875475209,1.1572046878765994,21.6562374757457,21.6562374757457,23.353772869049706,0.10714285714285714,0.03571428571428571,GREEN,Normal operations
2022-07-06 21:00:00,MINA,20.00060304352174,16.74939695647826,2.35,1.3214457466323883,0.16072287331619417,21,1.1738666487320324,0.018084938255745836,0.0004887034875475209,0.192867447979433,21.280166576704307,21.280166576704307,23.210011687021765,0.1111111111111111,0.044444444444444446,GREEN,Normal operations
2022-07-06 21:00:00,ARAFAT,20.00060304352174,16.74939695647826,2.35,1.0,0.0,21,1.1738666487320324,0.018084938255745836,0.0004887034875475209,0.0,23.55321676269612,23.55321676269612,24.7416748615514,0.10638297872340426,0.0425531914893617,GREEN,Normal operations
2022-07-06 21:00:00,MUZDALIFAH,20.00060304352174,16.74939695647826,2.35,1.0,0.0,21,1.1738666487320324,0.018084938255745836,0.0004887034875475209,0.0,22.984493104248006,22.984493104248006,24.819092352526926,0.1111111111111111,0.037037037037037035,GREEN,Normal operations
2022-07-07 00:00:00,HARAM,19.62438425551668,13.325615744483319,2.1,2.1922313454434157,0.5961156727217078,0,1.09,0.015361882538247369,0.0013270408641395373,0.7153388072660494,20.801984873363914,20.801984873363914,22.37824021778486,0.10714285714285714,0.03571428571428571,GREEN,Normal operations
2022-07-07 00:00:00,MINA,19.62438425551668,13.325615744483319,2.1,1.8124078361996663,0.40620391809983314,0,1.09,0.015361882538247369,0.0013270408641395373,0.48744470171979976,21.120328547232727,21.120328547232727,22.91229629119938,0.1111111111111111,0.044444444444444446,GREEN,Normal operations
2022-07-07 00:00:00,ARAFAT,19.62438425551668,13.325615744483319,2.1,1.0,0.0,0,1.09,0.015361882538247369,0.0013270408641395373,0.0,22.925121353744753,22.925121353744753,24.026173494795923,0.10638297872340426,0.0425531914893617,GREEN,Normal operations
2022-07-07 00:00:00,MUZDALIFAH,19.62438425551668,13.325615744483319,2.1,1.0,0.0,0,1.09,0.015361882538247369,0.0013270408641395373,0.0,22.401148465689744,22.401148465689744,24.098059909879336,0.1111111111111111,0.037037037037037035,GREEN,Normal operations
2022-07-07 03:00:00,HARAM,19.594966301969826,11.305033698030172,2.1,1.5075459157353504,0.2537729578676752,3,0.9534125718815463,0.015361882538247369,0.0013270408641395373,0.3045275494412102,20.30592111639675,20.30592111639675,21.684656585998955,0.10714285714285714,0.03571428571428571,GREEN,Normal operations
2022-07-07 03:00:00,MINA,19.594966301969826,11.305033698030172,2.1,2.2688647893383767,0.6344323946691883,3,0.9534125718815463,0.015361882538247369,0.0013270408641395373,0.761318873603026,21.24050140031176,21.24050140031176,22.807918442058565,0.1111111111111111,0.044444444444444446,GREEN,Normal operations
2022-07-07 03:00:00,ARAFAT,19.594966301969826,11.305033698030172,2.1,1.0,0.0,3,0.9534125718815463,0.015361882538247369,0.0013270408641395373,0.0,22.484180745136847,22.484180745136847,23.447260519059125,0.10638297872340426,0.0425531914893617,GREEN,Normal operations
2022-07-07 03:00:00,MUZDALIFAH,19.594966301969826,11.305033698030172,2.1,1.0,0.0,3,0.9534125718815463,0.015361882538247369,0.0013270408641395373,0.0,22.02785007542835,22.02785007542835,23.51013887858942,0.1111111111111111,0.037037037037037035,GREEN,Normal operations
2022-07-07 06:00:00,HARAM,18.501558364495594,11.298441635504407,1.05,2.247035940168651,0.6235179700843254,6,0.844115427318801,0.007702947550563608,0.07980039129574812,0.7482215641011905,19.68234285282163,19.68234285282163,20.903023085500003,0.10714285714285714,0.03571428571428571,GREEN,Normal operations
2022-07-07 06:00:00,MINA,18.501558364495594,11.298441635504407,1.05,1.7758714397161768,0.3879357198580884,6,0.844115427318801,0.007702947550563608,0.07980039129574812,0.46552286382970604,19.822660424649797,19.822660424649797,21.2103921842277,0.1111111111111111,0.044444444444444446,GREEN,Normal operations
2022-07-07 06:00:00,ARAFAT,18.501558364495594,11.298441635504407,1.05,1.0,0.0,6,0.844115427318801,0.007702947550563608,0.07980039129574812,0.0,21.132287142267145,21.132287142267145,21.984961544600804,0.10638297872340426,0.0425531914893617,GREEN,Normal operations
2022-07-07 06:00:00,MUZDALIFAH,18.501558364495594,11.298441635504407,1.05,1.0,0.0,6,0.844115427318801,0.007702947550563608,0.07980039129574812,0.0,20.72826922849086,20.72826922849086,22.040631665689382,0.1111111111111111,0.037037037037037035,GREEN,Normal operations
2022-07-07 09:00:00,HARAM,20.807330075255976,14.992669924744026,1.05,2.105609574404394,0.5528047872021971,9,0.8261333512679677,0.007702947550563608,0.07980039129574812,0.6633657446426364,21.89590798674416,21.89590798674416,23.090584234579495,0.10714285714285714,0.03571428571428571,GREEN,Normal operations
2022-07-07 09:00:00,MINA,20.807330075255976,14.992669924744026,1.05,1.8701556835590138,0.4350778417795069,9,0.8261333512679677,0.007702947550563608,0.07980039129574812,0.5220934101354083,22.16864046627119,22.16864046627119,23.526809565066845,0.1111111111111111,0.044444444444444446,GREEN,Normal operations
2022-07-07 09:00:00,ARAFAT,20.807330075255976,14.992669924744026,1.05,1.0,0.0,9,0.8261333512679677,0.007702947550563608,0.07980039129574812,0.0,23.383880867674943,23.383880867674943,24.21839086327804,0.10638297872340426,0.0425531914893617,GREEN,Normal operations
2022-07-07 09:00:00,MUZDALIFAH,20.807330075255976,14.992669924744026,1.05,1.0,0.0,9,0.8261333512679677,0.007702947550563608,0.07980039129574812,0.0,22.988469692522667,22.988469692522667,24.272875051354646,0.1111111111111111,0.037037037037037035,GREEN,Normal operations
2022-07-07 12:00:00,HARAM,20.288307735863988,20.811692264136013,4.6,1.4592082094748406,0.22960410473742032,12,0.91,0.07513719681541692,6.03476622464533e-08,0.2755249256849044,21.01096196213647,21.01096196213647,22.326918258854874,0.10714285714285714,0.03571428571428571,GREEN,Normal operations
2022-07-07 12:00:00,MINA,20.288307735863988,20.811692264136013,4.6,2.301089926845383,0.6505449634226914,12,0.91,0.07513719681541692,6.03476622464533e-08,0.7806539561072297,21.97212436803376,21.97212436803376,23.46817083318023,0.1111111111111111,0.044444444444444446,GREEN,Normal operations
2022-07-07 12:00:00,ARAFAT,20.288307735863988,20.811692264136013,4.6,1.0,0.0,12,0.91,0.07513719681541692,6.03476622464533e-08,0.0,23.105173285771446,23.105173285771446,24.024400302612328,0.10638297872340426,0.0425531914893617,GREEN,Normal operations
2022-07-07 12:00:00,MUZDALIFAH,20.288307735863988,20.811692264136013,4.6,1.0,0.0,12,0.91,0.07513719681541692,6.03476622464533e-08,0.0,22.669621121176814,22.669621121176814,24.08441556658105,0.1111111111111111,0.037037037037037035,GREEN,Normal operations
2022-07-07 15:00:00,HARAM,22.155002518963823,20.344997481036177,5.9,1.3061388063165604,0.15306940315828022,15,1.0465874281184537,0.15825288915313462,3.329117913993941e-10,0.18368328378993626,22.924765281259784,22.924765281259784,24.43824145279692,0.10714285714285714,0.03571428571428571,GREEN,Normal operations
2022-07-07 15:00:00,MINA,22.155002518963823,20.344997481036177,5.9,2.40313619561757,0.701568097808785,15,1.0465874281184537,0.15825288915313462,3.329117913993941e-10,0.8418817173705421,24.107445909977216,24.107445909977216,25.828043077343533,0.1111111111111111,0.044444444444444446,YELLOW,Extra water stations; increased medical presence
2022-07-07 15:00:00,ARAFAT,22.155002518963823,20.344997481036177,5.9,1.0,0.0,15,1.0465874281184537,0.15825288915313462,3.329117913993941e-10,0.0,25.466506356255298,25.466506356255298,26.52370574022508,0.10638297872340426,0.0425531914893617,YELLOW,Extra water stations; increased medical presence
2022-07-07 15:00:00,MUZDALIFAH,22.155002518963823,20.344997481036177,5.9,1.0,0.0,15,1.0465874281184537,0.15825288915313462,3.329117913993941e-10,0.0,24.965579521360226,24.965579521360226,26.592729059746915,0.1111111111111111,0.037037037037037035,YELLOW,Extra water stations; increased medical presence
2022-07-07 18:00:00,HARAM,21.961646463203436,17.538353536796564,4.35,1.3061388063165604,0.15306940315828022,18,1.155884572681199,0.06453273999193519,1.6404193241175306e-07,0.18368328378993626,22.682367996252005,22.682367996252005,24.353899404712976,0.10714285714285714,0.03571428571428571,GREEN,Normal operations
2022-07-07 18:00:00,MINA,21.961646463203436,17.538353536796564,4.35,2.40313619561757,0.701568097808785,18,1.155884572681199,0.06453273999193519,1.6404193241175306e-07,0.8418817173705421,23.919821312622986,23.919821312622986,25.820103762158197,0.1111111111111111,0.044444444444444446,GREEN,Normal operations
2022-07-07 18:00:00,ARAFAT,21.961646463203436,17.538353536796564,4.35,1.0,0.0,18,1.155884572681199,0.06453273999193519,1.6404193241175306e-07,0.0,25.507712296014223,25.507712296014223,26.676335151440522,0.10638297872340426,0.0425531914893617,YELLOW,Extra water stations; increased medical presence
2022-07-07 18:00:00,MUZDALIFAH,21.961646463203436,17.538353536796564,4.35,1.0,0.0,18,1.155884572681199,0.06453273999193519,1.6404193241175306e-07,0.0,24.94748947734781,24.94748947734781,26.752566709404075,0.1111111111111111,0.037037037037037035,YELLOW,Extra water stations; increased medical presence
2022-07-07 21:00:00,HARAM,20.287119829781723,16.012880170218274,3.0999999999999996,1.2735708481977772,0.1367854240988886,21,1.1738666487320324,0.029386072537623778,2.4345245520452305e-05,0.16414250891866633,20.960528859087592,20.960528859087592,22.658064252391604,0.10714285714285714,0.03571428571428571,GREEN,Normal operations
2022-07-07 21:00:00,MINA,20.287119829781723,16.012880170218274,3.0999999999999996,2.4248481676967586,0.7124240838483793,21,1.1738666487320324,0.029386072537623778,2.4345245520452305e-05,0.8549089006180551,22.23956159164276,22.23956159164276,24.16940670196022,0.1111111111111111,0.044444444444444446,GREEN,Normal operations
2022-07-07 21:00:00,ARAFAT,20.287119829781723,16.012880170218274,3.0999999999999996,1.0,0.0,21,1.1738666487320324,0.029386072537623778,2.4345245520452305e-05,0.0,23.850570324995946,23.850570324995946,25.03902842385123,0.10638297872340426,0.0425531914893617,GREEN,Normal operations
2022-07-07 21:00:00,MUZDALIFAH,20.287119829781723,16.012880170218274,3.0999999999999996,1.0,0.0,21,1.1738666487320324,0.029386072537623778,2.4345245520452305e-05,0.0,23.28184666654784,23.28184666654784,25.116445914826762,0.1111111111111111,0.037037037037037035,GREEN,Normal operations
2022-07-08 00:00:00,HARAM,19.495545784338425,15.004454215661573,1.55,1.0339555366160973,0.016977768308048646,0,1.09,0.010709534262131823,0.011819225354618445,0.020373321969658374,19.98402075310363,19.98402075310363,21.560276097524575,0.10714285714285714,0.03571428571428571,GREEN,Normal operations
2022-07-08 00:00:00,MINA,19.495545784338425,15.004454215661573,1.55,2.245036342590238,0.6225181712951191,0,1.09,0.010709534262131823,0.011819225354618445,0.7470218055541429,21.256907016103188,21.256907016103188,23.048874760069832,0.1111111111111111,0.044444444444444446,GREEN,Normal operations
2022-07-08 00:00:00,ARAFAT,19.495545784338425,15.004454215661573,1.55,1.4074664393931684,0.2037332196965842,0,1.09,0.010709534262131823,0.011819225354618445,0.24447986363590102,23.04660258241676,23.04660258241676,24.147654723467934,0.10638297872340426,0.0425531914893617,GREEN,Normal operations
2022-07-08 00:00:00,MUZDALIFAH,19.495545784338425,15.004454215661573,1.55,1.0,0.0,0,1.09,0.010709534262131823,0.011819225354618445,0.0,22.278149830725855,22.278149830725855,23.975061274915443,0.1111111111111111,0.037037037037037035,GREEN,Normal operations
2022-07-08 03:00:00,HARAM,19.487211156862905,13.612788843137094,1.3,1.0339555366160973,0.016977768308048646,3,0.9534125718815463,0.0090840940886237,0.031332578237411486,0.020373321969658374,19.937739492741922,19.937739492741922,21.316474962344127,0.10714285714285714,0.03571428571428571,GREEN,Normal operations
2022-07-08 03:00:00,MINA,19.487211156862905,13.612788843137094,1.3,2.245036342590238,0.6225181712951191,3,0.9534125718815463,0.0090840940886237,0.031332578237411486,0.7470218055541429,21.142176936079608,21.142176936079608,22.709593977826408,0.1111111111111111,0.044444444444444446,GREEN,Normal operations
2022-07-08 03:00:00,ARAFAT,19.487211156862905,13.612788843137094,1.3,1.4074664393931684,0.2037332196965842,3,0.9534125718815463,0.0090840940886237,0.031332578237411486,0.24447986363590102,22.64463321258948,22.64463321258948,23.607712986511753,0.10638297872340426,0.0425531914893617,GREEN,Normal operations
2022-07-08 03:00:00,MUZDALIFAH,19.487211156862905,13.612788843137094,1.3,1.0,0.0,3,0.9534125718815463,0.0090840940886237,0.031332578237411486,0.0,21.943822679245077,21.943822679245077,23.426111482406146,0.1111111111111111,0.037037037037037035,GREEN,Normal operations
2022-07-08 06:00:00,HARAM,18.710188831651507,12.889811168348494,1.05,1.2836285999697545,0.14181429998487727,6,0.844115427318801,0.007702947550563608,0.07980039129574812,0.1701771599818527,19.312928915858205,19.312928915858205,20.53360914853658,0.10714285714285714,0.03571428571428571,GREEN,Normal operations
2022-07-08 06:00:00,MINA,18.710188831651507,12.889811168348494,1.05,2.0399715332224346,0.5199857666112173,6,0.844115427318801,0.007702947550563608,0.07980039129574812,0.6239829199334608,20.18975094790947,20.18975094790947,21.57748270748737,0.1111111111111111,0.044444444444444446,GREEN,Normal operations
2022-07-08 06:00:00,ARAFAT,18.710188831651507,12.889811168348494,1.05,1.4538057599516074,0.22690287997580372,6,0.844115427318801,0.007702947550563608,0.07980039129574812,0.2722834559709644,21.613201065394026,21.613201065394026,22.46587546772768,0.10638297872340426,0.0425531914893617,GREEN,Normal operations
2022-07-08 06:00:00,MUZDALIFAH,18.710188831651507,12.889811168348494,1.05,1.0,0.0,6,0.844115427318801,0.007702947550563608,0.07980039129574812,0.0,20.936899695646776,20.936899695646776,22.249262132845296,0.1111111111111111,0.037037037037037035,GREEN,Normal operations
2022-07-08 09:00:00,HARAM,19.445296883293558,16.154703116706443,1.8,1.0392007008088275,0.01960035040441377,9,0.8261333512679677,0.012621177404305503,0.004389039119560323,0.023520420485296522,19.823536348301953,19.823536348301953,21.018212596137293,0.10714285714285714,0.03571428571428571,GREEN,Normal operations
2022-07-08 09:00:00,MINA,19.445296883293558,16.154703116706443,1.8,1.1437359029657017,0.07186795148285086,9,0.8261333512679677,0.012621177404305503,0.004389039119560323,0.08624154177942102,20.300262283630335,20.300262283630335,21.658431382425995,0.1111111111111111,0.044444444444444446,GREEN,Normal operations
2022-07-08 09:00:00,ARAFAT,19.445296883293558,16.154703116706443,1.8,2.7248308355884276,0.8624154177942138,9,0.8261333512679677,0.012621177404305503,0.004389039119560323,1.0348985013530565,22.986253054743134,22.986253054743134,23.82076305034623,0.10638297872340426,0.0425531914893617,GREEN,Normal operations
2022-07-08 09:00:00,MUZDALIFAH,19.445296883293558,16.154703116706443,1.8,1.0,0.0,9,0.8261333512679677,0.012621177404305503,0.004389039119560323,0.0,21.555943378237796,21.555943378237796,22.84034873706978,0.1111111111111111,0.037037037037037035,GREEN,Normal operations
2022-07-08 12:00:00,HARAM,21.788183278023126,17.911816721976876,4.4,1.0392645455984186,0.019632272799209316,12,0.91,0.0665381571951379,1.343061798519616e-07,0.02355872735905118,22.250272340307994,22.250272340307994,23.5662286370264,0.10714285714285714,0.03571428571428571,GREEN,Normal operations
2022-07-08 12:00:00,MINA,21.788183278023126,17.911816721976876,4.4,1.0628232729574698,0.031411636478734906,12,0.91,0.0665381571951379,1.343061798519616e-07,0.037693963774481885,22.72044095219839,22.72044095219839,24.21648741734486,0.1111111111111111,0.044444444444444446,GREEN,Normal operations
2022-07-08 12:00:00,ARAFAT,21.788183278023126,17.911816721976876,4.4,2.821874915766633,0.9109374578833165,12,0.91,0.0665381571951379,1.343061798519616e-07,1.0931249494599797,25.6895748117288,25.6895748117288,26.608801828569685,0.10638297872340426,0.0425531914893617,YELLOW,Extra water stations; increased medical presence
2022-07-08 12:00:00,MUZDALIFAH,21.788183278023126,17.911816721976876,4.4,1.0,0.0,12,0.91,0.0665381571951379,1.343061798519616e-07,0.0,24.1608976976742,24.1608976976742,25.575692143078427,0.1111111111111111,0.037037037037037035,YELLOW,Extra water stations; increased medical presence
2022-07-08 15:00:00,HARAM,22.182565892031043,18.86743410796896,3.35,1.0322520816019114,0.0161260408009557,15,1.0465874281184537,0.0344858039528689,8.956287604090634e-06,0.019351248961146837,22.66423849025264,22.66423849025264,24.17771466178978,0.10714285714285714,0.03571428571428571,GREEN,Normal operations
2022-07-08 15:00:00,MINA,22.182565892031043,18.86743410796896,3.35,1.0268767346682595,0.01343836733412973,15,1.0465874281184537,0.0344858039528689,8.956287604090634e-06,0.016126040800955675,23.185495477229285,23.185495477229285,24.906092644595596,0.1111111111111111,0.044444444444444446,GREEN,Normal operations
2022-07-08 15:00:00,ARAFAT,22.182565892031043,18.86743410796896,3.35,2.870620732910891,0.9353103664554454,15,1.0465874281184537,0.0344858039528689,8.956287604090634e-06,1.1223724397465344,26.492684039823473,26.492684039823473,27.549883423793258,0.10638297872340426,0.0425531914893617,ORANGE,Mandatory rest periods; shade structures required
2022-07-08 15:00:00,MUZDALIFAH,22.182565892031043,18.86743410796896,3.35,1.0,0.0,15,1.0465874281184537,0.0344858039528689,8.956287604090634e-06,0.0,24.869384765181874,24.869384765181874,26.496534303568563,0.1111111111111111,0.037037037037037035,YELLOW,Extra water stations; increased medical presence
2022-07-08 18:00:00,HARAM,22.677773267159345,15.322226732840653,2.85,1.042110796502059,0.021055398251029533,18,1.155884572681199,0.025015840796631047,6.617377828133312e-05,0.02526647790123544,23.200627104860256,23.200627104860256,24.87215851332123,0.10714285714285714,0.03571428571428571,GREEN,Normal operations
2022-07-08 18:00:00,MINA,22.677773267159345,15.322226732840653,2.85,1.0350923304183826,0.017546165209191278,18,1.155884572681199,0.025015840796631047,6.617377828133312e-05,0.021055398251029533,23.77567090800043,23.77567090800043,25.67595335753564,0.1111111111111111,0.044444444444444446,GREEN,Normal operations
2022-07-08 18:00:00,ARAFAT,22.677773267159345,15.322226732840653,2.85,2.8528750460906247,0.9264375230453123,18,1.155884572681199,0.025015840796631047,6.617377828133312e-05,1.1117250276543749,27.296113238165553,27.296113238165553,28.464736093591853,0.10638297872340426,0.0425531914893617,ORANGE,Mandatory rest periods; shade structures required
2022-07-08 18:00:00,MUZDALIFAH,22.677773267159345,15.322226732840653,2.85,1.0,0.0,18,1.155884572681199,0.025015840796631047,6.617377828133312e-05,0.0,25.624165391844766,25.624165391844766,27.42924262390103,0.1111111111111111,0.037037037037037035,YELLOW,Extra water stations; increased medical presence
2022-07-08 21:00:00,HARAM,20.57577028586376,14.524229714136242,2.05,1.0731667101591174,0.03658335507955868,21,1.1738666487320324,0.014867619707857344,0.001620256311239907,0.04390002609547041,21.1160142905824,21.1160142905824,22.813549683886404,0.10714285714285714,0.03571428571428571,GREEN,Normal operations
2022-07-08 21:00:00,MINA,20.57577028586376,14.524229714136242,2.05,1.0609722584659311,0.030486129232965564,21,1.1738666487320324,0.014867619707857344,0.001620256311239907,0.03658335507955868,21.696963960422256,21.696963960422256,23.626809070739714,0.1111111111111111,0.044444444444444446,GREEN,Normal operations
2022-07-08 21:00:00,ARAFAT,20.57577028586376,14.524229714136242,2.05,1.3160801878873867,0.15804009394369334,21,1.1738666487320324,0.014867619707857344,0.001620256311239907,0.189648112732432,24.315946352046375,24.315946352046375,25.504404450901657,0.10638297872340426,0.0425531914893617,YELLOW,Extra water stations; increased medical presence
2022-07-08 21:00:00,MUZDALIFAH,20.57577028586376,14.524229714136242,2.05,2.851117767025668,0.9255588835128341,21,1.1738666487320324,0.014867619707857344,0.001620256311239907,1.1106706602154008,24.668245241081245,24.668245241081245,26.502844489360157,0.1111111111111111,0.037037037037037035,YELLOW,Extra water stations; increased medical presence
2022-07-09 00:00:00,HARAM,19.21504744371178,14.48495255628822,2.1,1.2403632203133512,0.12018161015667561,0,1.09,0.015361882538247369,0.0013270408641395373,0.14421793218801074,19.821527186480974,19.821527186480974,21.397782530901917,0.10714285714285714,0.03571428571428571,GREEN,Normal operations
2022-07-09 00:00:00,MINA,19.21504744371178,14.48495255628822,2.1,1.0048072644062664,0.0024036322031332213,0,1.09,0.015361882538247369,0.0013270408641395373,0.0028843586437598654,20.22643139235179,20.22643139235179,22.018399136318436,0.1111111111111111,0.044444444444444446,GREEN,Normal operations
2022-07-09 00:00:00,ARAFAT,19.21504744371178,14.48495255628822,2.1,1.0,0.0,0,1.09,0.015361882538247369,0.0013270408641395373,0.0,22.515784541939848,22.515784541939848,23.61683668299102,0.10638297872340426,0.0425531914893617,GREEN,Normal operations
2022-07-09 00:00:00,MUZDALIFAH,19.21504744371178,14.48495255628822,2.1,3.0,1.0,0,1.09,0.015361882538247369,0.0013270408641395373,1.2,23.19181165388484,23.19181165388484,24.888723098074433,0.1111111111111111,0.037037037037037035,GREEN,Normal operations
2022-07-09 03:00:00,HARAM,19.143190513621974,13.056809486378024,0.75,1.2900777231421734,0.1450388615710867,3,0.9534125718815463,0.006317666805935081,0.2151531370959961,0.17404663388530403,19.92844629299253,19.92844629299253,21.307181762594738,0.10714285714285714,0.03571428571428571,GREEN,Normal operations
2022-07-09 03:00:00,MINA,19.143190513621974,13.056809486378024,0.75,1.02101780828521,0.010508904142604969,3,0.9534125718815463,0.006317666805935081,0.2151531370959961,0.012610684971125963,20.24479930383155,20.24479930383155,21.812216345578353,0.1111111111111111,0.044444444444444446,GREEN,Normal operations
2022-07-09 03:00:00,ARAFAT,19.143190513621974,13.056809486378024,0.75,1.0,0.0,3,0.9534125718815463,0.006317666805935081,0.2151531370959961,0.0,22.237186837288537,22.237186837288537,23.200266611210814,0.10638297872340426,0.0425531914893617,GREEN,Normal operations
2022-07-09 03:00:00,MUZDALIFAH,19.143190513621974,13.056809486378024,0.75,3.0,1.0,3,0.9534125718815463,0.006317666805935081,0.2151531370959961,1.2,22.980856167580036,22.980856167580036,24.46314497074111,0.1111111111111111,0.037037037037037035,GREEN,Normal operations
2022-07-09 06:00:00,HARAM,18.423119805375862,11.77688019462414,0.5,1.2978530072919747,0.14892650364598736,6,0.844115427318801,0.005354280739427885,0.4,0.17871180437518483,19.352245475869008,19.352245475869008,20.57292570854738,0.10714285714285714,0.03571428571428571,GREEN,Normal operations
2022-07-09 06:00:00,MINA,18.423119805375862,11.77688019462414,0.5,2.099212455872587,0.5496062279362934,6,0.844115427318801,0.005354280739427885,0.4,0.6595274735235521,20.256077417117034,20.256077417117034,21.643809176694933,0.1111111111111111,0.044444444444444446,GREEN,Normal operations
2022-07-09 06:00:00,ARAFAT,18.423119805375862,11.77688019462414,0.5,1.0,0.0,6,0.844115427318801,0.005354280739427885,0.4,0.0,21.37169952504053,21.37169952504053,22.224373927374188,0.10638297872340426,0.0425531914893617,GREEN,Normal operations
2022-07-09 06:00:00,MUZDALIFAH,18.423119805375862,11.77688019462414,0.5,1.4641714086420605,0.23208570432103026,6,0.844115427318801,0.005354280739427885,0.4,0.2785028451852363,21.24618445644948,21.24618445644948,22.558546893648003,0.1111111111111111,0.037037037037037035,GREEN,Normal operations
2022-07-09 09:00:00,HARAM,18.76201494748247,16.03798505251753,2.35,1.1488174752927724,0.07440873764638622,9,0.8261333512679677,0.018084938255745836,0.0004887034875475209,0.08929048517566347,19.20758790240066,19.20758790240066,20.402264150236,0.10714285714285714,0.03571428571428571,GREEN,Normal operations
2022-07-09 09:00:00,MINA,18.76201494748247,16.03798505251753,2.35,2.4881747529277254,0.7440873764638627,9,0.8261333512679677,0.018084938255745836,0.0004887034875475209,0.8929048517566353,20.425207083015895,20.425207083015895,21.78337618181155,0.1111111111111111,0.044444444444444446,GREEN,Normal operations
2022-07-09 09:00:00,ARAFAT,18.76201494748247,16.03798505251753,2.35,1.0,0.0,9,0.8261333512679677,0.018084938255745836,0.0004887034875475209,0.0,21.26963604279842,21.26963604279842,22.104146038401517,0.10638297872340426,0.0425531914893617,GREEN,Normal operations
2022-07-09 09:00:00,MUZDALIFAH,18.76201494748247,16.03798505251753,2.35,1.0297634950585541,0.014881747529277067,9,0.8261333512679677,0.018084938255745836,0.0004887034875475209,0.01785809703513248,20.892082964681276,20.892082964681276,22.176488323513258,0.1111111111111111,0.037037037037037035,GREEN,Normal operations
2022-07-09 12:00:00,HARAM,19.745161152423627,19.554838847576377,1.3,1.482168619948583,0.24108430997429153,12,0.91,0.0090840940886237,0.031332578237411486,0.28930117196914984,20.446871040143314,20.446871040143314,21.762827336861715,0.10714285714285714,0.03571428571428571,GREEN,Normal operations
2022-07-09 12:00:00,MINA,19.745161152423627,19.554838847576377,1.3,2.2857829865295547,0.6428914932647773,12,0.91,0.0090840940886237,0.031332578237411486,0.7714697919177328,21.38507303556686,21.38507303556686,22.88111950071333,0.1111111111111111,0.044444444444444446,GREEN,Normal operations
2022-07-09 12:00:00,ARAFAT,19.745161152423627,19.554838847576377,1.3,1.0,0.0,12,0.91,0.0090840940886237,0.031332578237411486,0.0,22.527306117494042,22.527306117494042,23.446533134334924,0.10638297872340426,0.0425531914893617,GREEN,Normal operations
2022-07-09 12:00:00,MUZDALIFAH,19.745161152423627,19.554838847576377,1.3,1.0,0.0,12,0.91,0.0090840940886237,0.031332578237411486,0.0,22.09175395289942,22.09175395289942,23.506548398303647,0.1111111111111111,0.037037037037037035,GREEN,Normal operations
2022-07-09 15:00:00,HARAM,21.17417651939958,19.42582348060042,2.85,2.424790630565044,0.712395315282522,15,1.0465874281184537,0.025015840796631047,6.617377828133312e-05,0.8548743783390264,22.481959501333495,22.481959501333495,23.995435672870634,0.10714285714285714,0.03571428571428571,GREEN,Normal operations
2022-07-09 15:00:00,MINA,21.17417651939958,19.42582348060042,2.85,1.6573683127852477,0.3286841563926238,15,1.0465874281184537,0.025015840796631047,6.617377828133312e-05,0.3944209876711486,22.545988305802453,22.545988305802453,24.266585473168764,0.1111111111111111,0.044444444444444446,GREEN,Normal operations
2022-07-09 15:00:00,ARAFAT,21.17417651939958,19.42582348060042,2.85,1.0,0.0,15,1.0465874281184537,0.025015840796631047,6.617377828133312e-05,0.0,24.352509481779915,24.352509481779915,25.4097088657497,0.10638297872340426,0.0425531914893617,YELLOW,Extra water stations; increased medical presence
2022-07-09 15:00:00,MUZDALIFAH,21.17417651939958,19.42582348060042,2.85,1.0,0.0,15,1.0465874281184537,0.025015840796631047,6.617377828133312e-05,0.0,23.851582646884843,23.851582646884843,25.47873218527154,0.1111111111111111,0.037037037037037035,GREEN,Normal operations
2022-07-09 18:00:00,HARAM,20.177663757776415,18.522336242223584,2.8,3.0,1.0,18,1.155884572681199,0.02422055358956037,8.082335512621832e-05,1.2,21.874470479945867,21.874470479945867,23.54600188840684,0.10714285714285714,0.03571428571428571,GREEN,Normal operations
2022-07-09 18:00:00,MINA,20.177663757776415,18.522336242223584,2.8,1.2678714555269903,0.13393572776349516,18,1.155884572681199,0.02422055358956037,8.082335512621832e-05,0.1607228733161942,21.414448236052436,21.414448236052436,23.314730685587648,0.1111111111111111,0.044444444444444446,GREEN,Normal operations
2022-07-09 18:00:00,ARAFAT,20.177663757776415,18.522336242223584,2.8,1.0,0.0,18,1.155884572681199,0.02422055358956037,8.082335512621832e-05,0.0,23.683498063498014,23.683498063498014,24.85212091892432,0.10638297872340426,0.0425531914893617,GREEN,Normal operations
2022-07-09 18:00:00,MUZDALIFAH,20.177663757776415,18.522336242223584,2.8,1.0,0.0,18,1.155884572681199,0.02422055358956037,8.082335512621832e-05,0.0,23.123275244831614,23.123275244831614,24.928352476887873,0.1111111111111111,0.037037037037037035,GREEN,Normal operations
2022-07-09 21:00:00,HARAM,21.04043086372669,14.059569136273312,1.3,2.4465058598457494,0.7232529299228747,21,1.1738666487320324,0.0090840940886237,0.031332578237411486,0.8679035159074496,22.428607154564236,22.428607154564236,24.12614254786825,0.10714285714285714,0.03571428571428571,GREEN,Normal operations
2022-07-09 21:00:00,MINA,21.04043086372669,14.059569136273312,1.3,1.6428914932647773,0.3214457466323887,21,1.1738666487320324,0.0090840940886237,0.031332578237411486,0.3857348959588664,22.53470487547143,22.53470487547143,24.46454998578889,0.1111111111111111,0.044444444444444446,GREEN,Normal operations
2022-07-09 21:00:00,ARAFAT,21.04043086372669,14.059569136273312,1.3,1.0,0.0,21,1.1738666487320324,0.0090840940886237,0.031332578237411486,0.0,24.61488761348381,24.61488761348381,25.80334571233909,0.10638297872340426,0.0425531914893617,YELLOW,Extra water stations; increased medical presence
2022-07-09 21:00:00,MUZDALIFAH,21.04043086372669,14.059569136273312,1.3,1.0,0.0,21,1.1738666487320324,0.0090840940886237,0.031332578237411486,0.0,24.046163955035702,24.046163955035702,25.880763203314622,0.1111111111111111,0.037037037037037035,YELLOW,Extra water stations; increased medical presence
2022-07-10 00:00:00,HARAM,20.130610385289973,13.619389614710027,1.05,2.506776937339322,0.753388468669661,0,1.09,0.007702947550563608,0.07980039129574812,0.9040661624035932,21.567752773718677,21.567752773718677,23.14400811813962,0.10714285714285714,0.03571428571428571,GREEN,Normal operations
2022-07-10 00:00:00,MINA,20.130610385289973,13.619389614710027,1.05,1.602710774935729,0.3013553874678645,0,1.09,0.007702947550563608,0.07980039129574812,0.3616264649614374,21.571550855691584,21.571550855691584,23.36351859965823,0.1111111111111111,0.044444444444444446,GREEN,Normal operations
2022-07-10 00:00:00,ARAFAT,20.130610385289973,13.619389614710027,1.05,1.0,0.0,0,1.09,0.007702947550563608,0.07980039129574812,0.0,23.502161898961972,23.502161898961972,24.60321404001314,0.10638297872340426,0.0425531914893617,GREEN,Normal operations
2022-07-10 00:00:00,MUZDALIFAH,20.130610385289973,13.619389614710027,1.05,1.0,0.0,0,1.09,0.007702947550563608,0.07980039129574812,0.0,22.978189010906956,22.978189010906956,24.67510045509655,0.1111111111111111,0.037037037037037035,GREEN,Normal operations
2022-07-10 03:00:00,HARAM,20.106799369834114,11.493200630165884,1.3,2.506776937339322,0.753388468669661,3,0.9534125718815463,0.0090840940886237,0.031332578237411486,0.9040661624035932,21.441020546147065,21.441020546147065,22.819756015749274,0.10714285714285714,0.03571428571428571,GREEN,Normal operations
2022-07-10 03:00:00,MINA,20.106799369834114,11.493200630165884,1.3,1.602710774935729,0.3013553874678645,3,0.9534125718815463,0.0090840940886237,0.031332578237411486,0.3616264649614374,21.376369808458104,21.376369808458104,22.94378685020491,0.1111111111111111,0.044444444444444446,GREEN,Normal operations
2022-07-10 03:00:00,ARAFAT,20.106799369834114,11.493200630165884,1.3,1.0,0.0,3,0.9534125718815463,0.0090840940886237,0.031332578237411486,0.0,23.01974156192479,23.01974156192479,23.98282133584706,0.10638297872340426,0.0425531914893617,GREEN,Normal operations
2022-07-10 03:00:00,MUZDALIFAH,20.106799369834114,11.493200630165884,1.3,1.0,0.0,3,0.9534125718815463,0.0090840940886237,0.031332578237411486,0.0,22.56341089221628,22.56341089221628,24.045699695377355,0.1111111111111111,0.037037037037037035,GREEN,Normal operations
2022-07-10 06:00:00,HARAM,19.188762804494754,10.561237195505246,1.05,2.205421549871458,0.602710774935729,6,0.844115427318801,0.007702947550563608,0.07980039129574812,0.7232529299228748,20.34457865864248,20.34457865864248,21.56525889132085,0.10714285714285714,0.03571428571428571,GREEN,Normal operations
2022-07-10 06:00:00,MINA,19.188762804494754,10.561237195505246,1.05,1.8036143665809714,0.4018071832904857,6,0.844115427318801,0.007702947550563608,0.07980039129574812,0.48216861994858284,20.526510620767834,20.526510620767834,21.91424238034574,0.1111111111111111,0.044444444444444446,GREEN,Normal operations
2022-07-10 06:00:00,ARAFAT,19.188762804494754,10.561237195505246,1.05,1.0,0.0,6,0.844115427318801,0.007702947550563608,0.07980039129574812,0.0,21.819491582266306,21.819491582266306,22.672165984599964,0.10638297872340426,0.0425531914893617,GREEN,Normal operations
2022-07-10 06:00:00,MUZDALIFAH,19.188762804494754,10.561237195505246,1.05,1.0,0.0,6,0.844115427318801,0.007702947550563608,0.07980039129574812,0.0,21.415473668490016,21.415473668490016,22.727836105688542,0.1111111111111111,0.037037037037037035,GREEN,Normal operations
2022-07-10 09:00:00,HARAM,20.683182894835436,14.016817105164563,1.05,1.850885799909264,0.425442899954632,9,0.8261333512679677,0.007702947550563608,0.07980039129574812,0.5105314799455584,21.618926541626532,21.618926541626532,22.81360278946188,0.10714285714285714,0.03571428571428571,GREEN,Normal operations
2022-07-10 09:00:00,MINA,20.683182894835436,14.016817105164563,1.05,2.0399715332224346,0.5199857666112173,9,0.8261333512679677,0.007702947550563608,0.07980039129574812,0.6239829199334608,22.146382795648698,22.146382795648698,23.504551894444358,0.1111111111111111,0.044444444444444446,GREEN,Normal operations
2022-07-10 09:00:00,ARAFAT,20.683182894835436,14.016817105164563,1.05,1.0,0.0,9,0.8261333512679677,0.007702947550563608,0.07980039129574812,0.0,23.259733687254403,23.259733687254403,24.0942436828575,0.10638297872340426,0.0425531914893617,GREEN,Normal operations
2022-07-10 09:00:00,MUZDALIFAH,20.683182894835436,14.016817105164563,1.05,1.0,0.0,9,0.8261333512679677,0.007702947550563608,0.07980039129574812,0.0,22.864322512102124,22.864322512102124,24.148727870934103,0.1111111111111111,0.037037037037037035,GREEN,Normal operations
2022-07-10 12:00:00,HARAM,20.1835592762247,19.2164407237753,1.3,1.9773688242201006,0.4886844121100503,12,0.91,0.0090840940886237,0.031332578237411486,0.5864212945320604,21.18238928650729,21.18238928650729,22.498345583225696,0.10714285714285714,0.03571428571428571,GREEN,Normal operations
2022-07-10 12:00:00,MINA,20.1835592762247,19.2164407237753,1.3,1.9556495170152095,0.47782475850760475,12,0.91,0.0090840940886237,0.031332578237411486,0.5733897102091257,21.62539107765932,21.62539107765932,23.121437542805793,0.1111111111111111,0.044444444444444446,GREEN,Normal operations
2022-07-10 12:00:00,ARAFAT,20.1835592762247,19.2164407237753,1.3,1.0,0.0,12,0.91,0.0090840940886237,0.031332578237411486,0.0,22.96570424129511,22.96570424129511,23.884931258135996,0.10638297872340426,0.0425531914893617,GREEN,Normal operations
2022-07-10 12:00:00,MUZDALIFAH,20.1835592762247,19.2164407237753,1.3,1.0,0.0,12,0.91,0.0090840940886237,0.031332578237411486,0.0,22.530152076700485,22.530152076700485,23.94494652210472,0.1111111111111111,0.037037037037037035,GREEN,Normal operations
2022-07-10 15:00:00,HARAM,21.00741439528054,20.44258560471946,3.5999999999999996,1.850885799909264,0.425442899954632,15,1.0465874281184537,0.040424129788330765,3.2948573958661087e-06,0.5105314799455584,21.9861998888918,21.9861998888918,23.499676060428943,0.10714285714285714,0.03571428571428571,GREEN,Normal operations
2022-07-10 15:00:00,MINA,21.00741439528054,20.44258560471946,3.5999999999999996,2.0399715332224346,0.5199857666112173,15,1.0465874281184537,0.040424129788330765,3.2948573958661087e-06,0.6239829199334608,22.62413352401654,22.62413352401654,24.344730691382853,0.1111111111111111,0.044444444444444446,GREEN,Normal operations
2022-07-10 15:00:00,ARAFAT,21.00741439528054,20.44258560471946,3.5999999999999996,1.0,0.0,15,1.0465874281184537,0.040424129788330765,3.2948573958661087e-06,0.0,24.20109276773169,24.20109276773169,25.258292151701475,0.10638297872340426,0.0425531914893617,YELLOW,Extra water stations; increased medical presence
2022-07-10 15:00:00,MUZDALIFAH,21.00741439528054,20.44258560471946,3.5999999999999996,1.0,0.0,15,1.0465874281184537,0.040424129788330765,3.2948573958661087e-06,0.0,23.700165932836622,23.700165932836622,25.327315471223315,0.1111111111111111,0.037037037037037035,GREEN,Normal operations
2022-07-10 18:00:00,HARAM,21.120156012609634,16.329843987390365,3.3499999999999996,2.205421549871458,0.602710774935729,18,1.155884572681199,0.0344858039528689,8.95628760409065e-06,0.7232529299228748,22.350409047997747,22.350409047997747,24.02194045645872,0.10714285714285714,0.03571428571428571,GREEN,Normal operations
2022-07-10 18:00:00,MINA,21.120156012609634,16.329843987390365,3.3499999999999996,1.8036143665809714,0.4018071832904857,18,1.155884572681199,0.0344858039528689,8.95628760409065e-06,0.48216861994858284,22.68857962081383,22.68857962081383,24.588862070349045,0.1111111111111111,0.044444444444444446,GREEN,Normal operations
2022-07-10 18:00:00,ARAFAT,21.120156012609634,16.329843987390365,3.3499999999999996,1.0,0.0,18,1.155884572681199,0.0344858039528689,8.95628760409065e-06,0.0,24.63618370162703,24.63618370162703,25.804806557053325,0.10638297872340426,0.0425531914893617,YELLOW,Extra water stations; increased medical presence
2022-07-10 18:00:00,MUZDALIFAH,21.120156012609634,16.329843987390365,3.3499999999999996,1.0,0.0,18,1.155884572681199,0.0344858039528689,8.95628760409065e-06,0.0,24.075960882960608,24.075960882960608,25.881038115016878,0.1111111111111111,0.037037037037037035,YELLOW,Extra water stations; increased medical presence
2022-07-10 21:00:00,HARAM,19.758636059714032,15.541363940285969,1.05,2.205421549871458,0.602710774935729,21,1.1738666487320324,0.007702947550563608,0.07980039129574812,0.7232529299228748,21.049248431087282,21.049248431087282,22.74678382439129,0.10714285714285714,0.03571428571428571,GREEN,Normal operations
2022-07-10 21:00:00,MINA,19.758636059714032,15.541363940285969,1.05,1.8036143665809714,0.4018071832904857,21,1.1738666487320324,0.007702947550563608,0.07980039129574812,0.48216861994858284,21.396430461968762,21.396430461968762,23.32627557228622,0.1111111111111111,0.044444444444444446,GREEN,Normal operations
2022-07-10 21:00:00,ARAFAT,19.758636059714032,15.541363940285969,1.05,1.0,0.0,21,1.1738666487320324,0.007702947550563608,0.07980039129574812,0.0,23.38017947599143,23.38017947599143,24.568637574846708,0.10638297872340426,0.0425531914893617,GREEN,Normal operations
2022-07-10 21:00:00,MUZDALIFAH,19.758636059714032,15.541363940285969,1.05,1.0,0.0,21,1.1738666487320324,0.007702947550563608,0.07980039129574812,0.0,22.811455817543326,22.811455817543326,24.646055065822235,0.1111111111111111,0.037037037037037035,GREEN,Normal operations
2022-07-11 00:00:00,HARAM,20.00575481159545,12.69424518840455,0.0,2.220164725140603,0.6100823625703016,0,1.09,0.003843802309727615,0.7046376623823059,0.7320988350843619,21.89190799855064,21.89190799855064,23.46816334297159,0.10714285714285714,0.03571428571428571,GREEN,Normal operations
2022-07-11 00:00:00,MINA,20.00575481159545,12.69424518840455,0.0,1.7937855830682083,0.3968927915341042,0,1.09,0.003843802309727615,0.7046376623823059,0.476271349840925,22.182318292722275,22.182318292722275,23.974286036688923,0.1111111111111111,0.044444444444444446,GREEN,Normal operations
2022-07-11 00:00:00,ARAFAT,20.00575481159545,12.69424518840455,0.0,1.0,0.0,0,1.09,0.003843802309727615,0.7046376623823059,0.0,23.998284451113168,23.998284451113168,25.09933659216434,0.10638297872340426,0.0425531914893617,GREEN,Normal operations
2022-07-11 00:00:00,MUZDALIFAH,20.00575481159545,12.69424518840455,0.0,1.0,0.0,0,1.09,0.003843802309727615,0.7046376623823059,0.0,23.474311563058162,23.474311563058162,25.171223007247754,0.1111111111111111,0.037037037037037035,GREEN,Normal operations
2022-07-11 03:00:00,HARAM,19.203718636788846,11.196281363211154,0.0,3.0,1.0,3,0.9534125718815463,0.003843802309727615,0.7046376623823059,1.2,21.501938443064205,21.501938443064205,22.88067391266641,0.10714285714285714,0.03571428571428571,GREEN,Normal operations
2022-07-11 03:00:00,MINA,19.203718636788846,11.196281363211154,0.0,1.162528748297275,0.08126437414863752,3,0.9534125718815463,0.003843802309727615,0.7046376623823059,0.09751724897836501,20.877244651795767,20.877244651795767,22.44466169354257,0.1111111111111111,0.044444444444444446,GREEN,Normal operations
2022-07-11 03:00:00,ARAFAT,19.203718636788846,11.196281363211154,0.0,1.0,0.0,3,0.9534125718815463,0.003843802309727615,0.7046376623823059,0.0,22.784725621245514,22.784725621245514,23.74780539516779,0.10638297872340426,0.0425531914893617,GREEN,Normal operations
2022-07-11 03:00:00,MUZDALIFAH,19.203718636788846,11.196281363211154,0.0,1.0,0.0,3,0.9534125718815463,0.003843802309727615,0.7046376623823059,0.0,22.328394951537025,22.328394951537025,23.810683754698086,0.1111111111111111,0.037037037037037035,GREEN,Normal operations
2022-07-11 06:00:00,HARAM,18.608084817508672,10.191915182491327,0.0,1.8036143665809714,0.4018071832904857,6,0.844115427318801,0.003843802309727615,0.7046376623823059,0.48216861994858284,20.143794487527824,20.143794487527824,21.3644747202062,0.10714285714285714,0.03571428571428571,GREEN,Normal operations
2022-07-11 06:00:00,MINA,18.608084817508672,10.191915182491327,0.0,2.071485822107962,0.5357429110539811,6,0.844115427318801,0.003843802309727615,0.7046376623823059,0.6428914932647772,20.72753363294367,20.72753363294367,22.115265392521575,0.1111111111111111,0.044444444444444446,GREEN,Normal operations
2022-07-11 06:00:00,ARAFAT,18.608084817508672,10.191915182491327,0.0,1.0,0.0,6,0.844115427318801,0.003843802309727615,0.7046376623823059,0.0,21.859791721125944,21.859791721125944,22.712466123459606,0.10638297872340426,0.0425531914893617,GREEN,Normal operations
2022-07-11 06:00:00,MUZDALIFAH,18.608084817508672,10.191915182491327,0.0,1.0,0.0,6,0.844115427318801,0.003843802309727615,0.7046376623823059,0.0,21.455773807349665,21.455773807349665,22.768136244548185,0.1111111111111111,0.037037037037037035,GREEN,Normal operations
2022-07-11 09:00:00,HARAM,20.3313759382843,15.368624061715703,1.8,1.753388468669661,0.3766942343348305,9,0.8261333512679677,0.012621177404305503,0.004389039119560323,0.4520330812017966,21.13812806400919,21.13812806400919,22.332804311844534,0.10714285714285714,0.03571428571428571,GREEN,Normal operations
2022-07-11 09:00:00,MINA,20.3313759382843,15.368624061715703,1.8,2.1049697540488364,0.5524848770244182,9,0.8261333512679677,0.012621177404305503,0.004389039119560323,0.6629818524293017,21.763081649270955,21.763081649270955,23.121250748066615,0.1111111111111111,0.044444444444444446,GREEN,Normal operations
2022-07-11 09:00:00,ARAFAT,20.3313759382843,15.368624061715703,1.8,1.0,0.0,9,0.8261333512679677,0.012621177404305503,0.004389039119560323,0.0,22.837433608380817,22.837433608380817,23.671943603983916,0.10638297872340426,0.0425531914893617,GREEN,Normal operations
2022-07-11 09:00:00,MUZDALIFAH,20.3313759382843,15.368624061715703,1.8,1.0,0.0,9,0.8261333512679677,0.012621177404305503,0.004389039119560323,0.0,22.442022433228544,22.442022433228544,23.72642779206052,0.1111111111111111,0.037037037037037035,GREEN,Normal operations
2022-07-11 12:00:00,HARAM,21.09997945538742,18.50002054461258,1.8,2.282363350927082,0.6411816754635411,12,0.91,0.012621177404305503,0.004389039119560323,0.7694180105562493,22.25839972589203,22.25839972589203,23.574356022610438,0.10714285714285714,0.03571428571428571,GREEN,Normal operations
2022-07-11 12:00:00,MINA,21.09997945538742,18.50002054461258,1.8,1.752319832543888,0.376159916271944,12,0.91,0.012621177404305503,0.004389039119560323,0.4513918995263328,22.396406990337084,22.396406990337084,23.89245345548355,0.1111111111111111,0.044444444444444446,GREEN,Normal operations
2022-07-11 12:00:00,ARAFAT,21.09997945538742,18.50002054461258,1.8,1.0,0.0,12,0.91,0.012621177404305503,0.004389039119560323,0.0,23.85871796465566,23.85871796465566,24.777944981496546,0.10638297872340426,0.0425531914893617,GREEN,Normal operations
2022-07-11 12:00:00,MUZDALIFAH,21.09997945538742,18.50002054461258,1.8,1.0,0.0,12,0.91,0.012621177404305503,0.004389039119560323,0.0,23.423165800061035,23.423165800061035,24.83796024546527,0.1111111111111111,0.037037037037037035,GREEN,Normal operations
2022-07-11 15:00:00,HARAM,22.31907521466381,19.18092478533619,1.8,3.0,1.0,15,1.0465874281184537,0.012621177404305503,0.004389039119560323,1.2,23.963912020207637,23.963912020207637,25.477388191744787,0.10714285714285714,0.03571428571428571,GREEN,Normal operations
2022-07-11 15:00:00,MINA,22.31907521466381,19.18092478533619,1.8,1.209638530412427,0.10481926520621354,15,1.0465874281184537,0.012621177404305503,0.004389039119560323,0.12578311824745625,23.414177333591937,23.414177333591937,25.13477450095825,0.1111111111111111,0.044444444444444446,GREEN,Normal operations
2022-07-11 15:00:00,ARAFAT,22.31907521466381,19.18092478533619,1.8,1.0,0.0,15,1.0465874281184537,0.012621177404305503,0.004389039119560323,0.0,25.48933637899309,25.48933637899309,26.546535762962883,0.10638297872340426,0.0425531914893617,YELLOW,Extra water stations; increased medical presence
2022-07-11 15:00:00,MUZDALIFAH,22.31907521466381,19.18092478533619,1.8,1.0,0.0,15,1.0465874281184537,0.012621177404305503,0.004389039119560323,0.0,24.98840954409803,24.98840954409803,26.61555908248472,0.1111111111111111,0.037037037037037035,YELLOW,Extra water stations; increased medical presence
2022-07-11 18:00:00,HARAM,20.927977016474692,15.972022983525306,2.6,2.8544946921099354,0.9272473460549677,18,1.155884572681199,0.021277594861492687,0.00017985341618663626,1.1126968152659613,22.534636625243092,22.534636625243092,24.206168033704067,0.10714285714285714,0.03571428571428571,GREEN,Normal operations
2022-07-11 18:00:00,MINA,20.927977016474692,15.972022983525306,2.6,1.3708989384219872,0.1854494692109936,18,1.155884572681199,0.021277594861492687,0.00017985341618663626,0.2225393630531923,22.22373405582071,22.22373405582071,24.124016505355915,0.1111111111111111,0.044444444444444446,GREEN,Normal operations
2022-07-11 18:00:00,ARAFAT,20.927977016474692,15.972022983525306,2.6,1.0,0.0,18,1.155884572681199,0.021277594861492687,0.00017985341618663626,0.0,24.430967393529283,24.430967393529283,25.599590248955586,0.10638297872340426,0.0425531914893617,YELLOW,Extra water stations; increased medical presence
2022-07-11 18:00:00,MUZDALIFAH,20.927977016474692,15.972022983525306,2.6,1.0,0.0,18,1.155884572681199,0.021277594861492687,0.00017985341618663626,0.0,23.870744574862872,23.870744574862872,25.67582180691914,0.1111111111111111,0.037037037037037035,GREEN,Normal operations
2022-07-11 21:00:00,HARAM,21.614549900541714,12.985450099458287,2.1,2.377624628424523,0.6888123142122615,21,1.1738666487320324,0.015361882538247369,0.0013270408641395373,0.8265747770547138,22.937669703602882,22.937669703602882,24.635205096906887,0.10714285714285714,0.03571428571428571,GREEN,Normal operations
2022-07-11 21:00:00,MINA,21.614549900541714,12.985450099458287,2.1,1.6888123142122615,0.34440615710613076,21,1.1738666487320324,0.015361882538247369,0.0013270408641395373,0.4132873885273569,23.112648655931302,23.112648655931302,25.042493766248757,0.1111111111111111,0.044444444444444446,GREEN,Normal operations
2022-07-11 21:00:00,ARAFAT,21.614549900541714,12.985450099458287,2.1,1.0,0.0,21,1.1738666487320324,0.015361882538247369,0.0013270408641395373,0.0,25.16527890137518,25.16527890137518,26.353737000230467,0.10638297872340426,0.0425531914893617,YELLOW,Extra water stations; increased medical presence
2022-07-11 21:00:00,MUZDALIFAH,21.614549900541714,12.985450099458287,2.1,1.0,0.0,21,1.1738666487320324,0.015361882538247369,0.0013270408641395373,0.0,24.596555242927085,24.596555242927085,26.431154491205994,0.1111111111111111,0.037037037037037035,YELLOW,Extra water stations; increased medical presence
2022-07-12 00:00:00,HARAM,20.612179929323773,12.487820070676227,1.05,2.6072287331619437,0.8036143665809719,0,1.09,0.007702947550563608,0.07980039129574812,0.9643372398971661,22.10959339524604,22.10959339524604,23.68584873966699,0.10714285714285714,0.03571428571428571,GREEN,Normal operations
2022-07-12 00:00:00,MINA,20.612179929323773,12.487820070676227,1.05,1.535742911053981,0.26787145552699054,0,1.09,0.007702947550563608,0.07980039129574812,0.3214457466323886,22.012939681396336,22.012939681396336,23.804907425362984,0.1111111111111111,0.044444444444444446,GREEN,Normal operations
2022-07-12 00:00:00,ARAFAT,20.612179929323773,12.487820070676227,1.05,1.0,0.0,0,1.09,0.007702947550563608,0.07980039129574812,0.0,23.983731442995765,23.983731442995765,25.08478358404694,0.10638297872340426,0.0425531914893617,GREEN,Normal operations
2022-07-12 00:00:00,MUZDALIFAH,20.612179929323773,12.487820070676227,1.05,1.0,0.0,0,1.09,0.007702947550563608,0.07980039129574812,0.0,23.45975855494076,23.45975855494076,25.15666999913035,0.1111111111111111,0.037037037037037035,GREEN,Normal operations
2022-07-12 03:00:00,HARAM,20.745495051773094,12.054504948226906,1.05,2.6072287331619437,0.8036143665809719,3,0.9534125718815463,0.007702947550563608,0.07980039129574812,0.9643372398971661,22.187073972099892,22.187073972099892,23.5658094417021,0.10714285714285714,0.03571428571428571,GREEN,Normal operations
2022-07-12 03:00:00,MINA,20.745495051773094,12.054504948226906,1.05,1.535742911053981,0.26787145552699054,3,0.9534125718815463,0.007702947550563608,0.07980039129574812,0.3214457466323886,22.021971438588313,22.021971438588313,23.589388480335117,0.1111111111111111,0.044444444444444446,GREEN,Normal operations
2022-07-12 03:00:00,ARAFAT,20.745495051773094,12.054504948226906,1.05,1.0,0.0,3,0.9534125718815463,0.007702947550563608,0.07980039129574812,0.0,23.705523910384034,23.705523910384034,24.668603684306316,0.10638297872340426,0.0425531914893617,GREEN,Normal operations
2022-07-12 03:00:00,MUZDALIFAH,20.745495051773094,12.054504948226906,1.05,1.0,0.0,3,0.9534125718815463,0.007702947550563608,0.07980039129574812,0.0,23.24919324067554,23.24919324067554,24.73148204383661,0.1111111111111111,0.037037037037037035,GREEN,Normal operations
2022-07-12 06:00:00,HARAM,20.06715459613777,10.13284540386223,1.05,1.887715326037485,0.4438576630187425,6,0.844115427318801,0.007702947550563608,0.07980039129574812,0.532629195622491,21.032346715985106,21.032346715985106,22.25302694866348,0.10714285714285714,0.03571428571428571,GREEN,Normal operations
2022-07-12 06:00:00,MINA,20.06715459613777,10.13284540386223,1.05,2.0154185158036197,0.5077092579018099,6,0.844115427318801,0.007702947550563608,0.07980039129574812,0.6092511094821719,21.53198490194444,21.53198490194444,22.919716661522344,0.1111111111111111,0.044444444444444446,GREEN,Normal operations
2022-07-12 06:00:00,ARAFAT,20.06715459613777,10.13284540386223,1.05,1.0,0.0,6,0.844115427318801,0.007702947550563608,0.07980039129574812,0.0,22.697883373909317,22.697883373909317,23.55055777624298,0.10638297872340426,0.0425531914893617,GREEN,Normal operations
2022-07-12 06:00:00,MUZDALIFAH,20.06715459613777,10.13284540386223,1.05,1.0,0.0,6,0.844115427318801,0.007702947550563608,0.07980039129574812,0.0,22.293865460133027,22.293865460133027,23.606227897331557,0.1111111111111111,0.037037037037037035,GREEN,Normal operations
2022-07-12 09:00:00,HARAM,20.87761669051942,13.722383309480577,1.05,2.2688647893383767,0.6344323946691883,9,0.8261333512679677,0.007702947550563608,0.07980039129574812,0.761318873603026,22.064147730967992,22.064147730967992,23.25882397880333,0.10714285714285714,0.03571428571428571,GREEN,Normal operations
2022-07-12 09:00:00,MINA,20.87761669051942,13.722383309480577,1.05,1.761318873603026,0.38065943680151304,9,0.8261333512679677,0.007702947550563608,0.07980039129574812,0.4567913241618156,22.173624995561045,22.173624995561045,23.531794094356698,0.1111111111111111,0.044444444444444446,GREEN,Normal operations
2022-07-12 09:00:00,ARAFAT,20.87761669051942,13.722383309480577,1.05,1.0,0.0,9,0.8261333512679677,0.007702947550563608,0.07980039129574812,0.0,23.454167482938388,23.454167482938388,24.288677478541484,0.10638297872340426,0.0425531914893617,GREEN,Normal operations
2022-07-12 09:00:00,MUZDALIFAH,20.87761669051942,13.722383309480577,1.05,1.0,0.0,9,0.8261333512679677,0.007702947550563608,0.07980039129574812,0.0,23.058756307786105,23.058756307786105,24.343161666618087,0.1111111111111111,0.037037037037037035,GREEN,Normal operations
2022-07-12 12:00:00,HARAM,21.260918487642403,17.4390815123576,2.85,3.0,1.0,12,0.91,0.025015840796631047,6.617377828133312e-05,1.2,22.857992545641814,22.857992545641814,24.17394884236022,0.10714285714285714,0.03571428571428571,GREEN,Normal operations
2022-07-12 12:00:00,MINA,21.260918487642403,17.4390815123576,2.85,1.2216867218154406,0.11084336090772029,12,0.91,0.025015840796631047,6.617377828133312e-05,0.13301203308926435,22.247037954206046,22.247037954206046,23.743084419352517,0.1111111111111111,0.044444444444444446,GREEN,Normal operations
2022-07-12 12:00:00,ARAFAT,21.260918487642403,17.4390815123576,2.85,1.0,0.0,12,0.91,0.025015840796631047,6.617377828133312e-05,0.0,24.027728794961693,24.027728794961693,24.94695581180258,0.10638297872340426,0.0425531914893617,YELLOW,Extra water stations; increased medical presence
2022-07-12 12:00:00,MUZDALIFAH,21.260918487642403,17.4390815123576,2.85,1.0,0.0,12,0.91,0.025015840796631047,6.617377828133312e-05,0.0,23.592176630367064,23.592176630367064,25.0069710757713,0.1111111111111111,0.037037037037037035,GREEN,Normal operations
2022-07-12 15:00:00,HARAM,23.070404049729394,17.029595950270608,3.5999999999999996,2.6072287331619437,0.8036143665809719,15,1.0465874281184537,0.040424129788330765,3.2948573958661087e-06,0.9643372398971661,24.502995303292263,24.502995303292263,26.0164714748294,0.10714285714285714,0.03571428571428571,YELLOW,Extra water stations; increased medical presence
2022-07-12 15:00:00,MINA,23.070404049729394,17.029595950270608,3.5999999999999996,1.535742911053981,0.26787145552699054,15,1.0465874281184537,0.040424129788330765,3.2948573958661087e-06,0.3214457466323886,24.38458600516432,24.38458600516432,26.105183172530634,0.1111111111111111,0.044444444444444446,YELLOW,Extra water stations; increased medical presence
2022-07-12 15:00:00,ARAFAT,23.070404049729394,17.029595950270608,3.5999999999999996,1.0,0.0,15,1.0465874281184537,0.040424129788330765,3.2948573958661087e-06,0.0,26.26408242218055,26.26408242218055,27.32128180615033,0.10638297872340426,0.0425531914893617,ORANGE,Mandatory rest periods; shade structures required
2022-07-12 15:00:00,MUZDALIFAH,23.070404049729394,17.029595950270608,3.5999999999999996,1.0,0.0,15,1.0465874281184537,0.040424129788330765,3.2948573958661087e-06,0.0,25.763155587285475,25.763155587285475,27.390305125672167,0.1111111111111111,0.037037037037037035,YELLOW,Extra water stations; increased medical presence
2022-07-12 18:00:00,HARAM,23.723606490581176,12.776393509418826,2.6,2.6072287331619437,0.8036143665809719,18,1.155884572681199,0.021277594861492687,0.00017985341618663626,0.9643372398971661,25.181906523980786,25.181906523980786,26.853437932441754,0.10714285714285714,0.03571428571428571,YELLOW,Extra water stations; increased medical presence
2022-07-12 18:00:00,MINA,23.723606490581176,12.776393509418826,2.6,1.535742911053981,0.26787145552699054,18,1.155884572681199,0.021277594861492687,0.00017985341618663626,0.3214457466323886,25.118269913506374,25.118269913506374,27.018552363041593,0.1111111111111111,0.044444444444444446,YELLOW,Extra water stations; increased medical presence
2022-07-12 18:00:00,ARAFAT,23.723606490581176,12.776393509418826,2.6,1.0,0.0,18,1.155884572681199,0.021277594861492687,0.00017985341618663626,0.0,27.226596867635767,27.226596867635767,28.39521972306207,0.10638297872340426,0.0425531914893617,ORANGE,Mandatory rest periods; shade structures required
2022-07-12 18:00:00,MUZDALIFAH,23.723606490581176,12.776393509418826,2.6,1.0,0.0,18,1.155884572681199,0.021277594861492687,0.00017985341618663626,0.0,26.666374048969367,26.666374048969367,28.471451281025622,0.1111111111111111,0.037037037037037035,ORANGE,Mandatory rest periods; shade structures required
2022-07-12 21:00:00,HARAM,23.636549893749624,10.963450106250374,1.55,2.6072287331619437,0.8036143665809719,21,1.1738666487320324,0.010709534262131823,0.011819225354618445,0.9643372398971661,25.103271995867605,25.103271995867605,26.800807389171613,0.10714285714285714,0.03571428571428571,YELLOW,Extra water stations; increased medical presence
2022-07-12 21:00:00,MINA,23.636549893749624,10.963450106250374,1.55,1.535742911053981,0.26787145552699054,21,1.1738666487320324,0.010709534262131823,0.011819225354618445,0.3214457466323886,25.048646843458602,25.048646843458602,26.97849195377606,0.1111111111111111,0.044444444444444446,YELLOW,Extra water stations; increased medical presence
2022-07-12 21:00:00,ARAFAT,23.636549893749624,10.963450106250374,1.55,1.0,0.0,21,1.1738666487320324,0.010709534262131823,0.011819225354618445,0.0,27.193118730797455,27.193118730797455,28.38157682965274,0.10638297872340426,0.0425531914893617,ORANGE,Mandatory rest periods; shade structures required
2022-07-12 21:00:00,MUZDALIFAH,23.636549893749624,10.963450106250374,1.55,1.0,0.0,21,1.1738666487320324,0.010709534262131823,0.011819225354618445,0.0,26.624395072349355,26.624395072349355,28.45899432062827,0.1111111111111111,0.037037037037037035,ORANGE,Mandatory rest periods; shade structures required
